version	21.1.0.14
project	Aagedal Adjacent Marker Acceptance 20260919
timeline	Unique markers semicolon
start	00:00:58;00
rate	29.97
frame	duration	color	name	note
0	1	Blue	Fixture 1: æøå 日本語 & <picture> "quoted"\tcolumn Second line / Source B: source-b.mov, SRC TC 00:00:58;00, frame 0 / Alignment: Source timecode / Severity: Info / Category: General / Status: Open / A frames 0–0 (inclusive) / A rate: 30000/1001 / B rate: 30000/1001 / Source A URL: file:///private/tmp/aagedal-review-editor-acceptance-20260915/source-a.mov / Source B URL: file:///private/tmp/aagedal-review-editor-acceptance-20260915/source-b.mov	
1	1	Blue	Fixture 2: æøå 日本語 & <picture> "quoted"\tcolumn Second line / Source B: source-b.mov, SRC TC 00:00:58;01, frame 1 / Alignment: Source timecode / Severity: Minor / Category: Picture / Status: In Progress / A rate: 30000/1001 / B rate: 30000/1001 / Source A URL: file:///private/tmp/aagedal-review-editor-acceptance-20260915/source-a.mov / Source B URL: file:///private/tmp/aagedal-review-editor-acceptance-20260915/source-b.mov	
59	3	Blue	Fixture 3: æøå 日本語 & <picture> "quoted"\tcolumn Second line / Source B: source-b.mov, SRC TC 00:00:59;29, frame 59 / Alignment: Source timecode / Severity: Major / Category: Audio / Status: Resolved / A frames 59–61 (inclusive) / A rate: 30000/1001 / B rate: 30000/1001 / Source A URL: file:///private/tmp/aagedal-review-editor-acceptance-20260915/source-a.mov / Source B URL: file:///private/tmp/aagedal-review-editor-acceptance-20260915/source-b.mov	
60	1	Blue	Fixture 4: æøå 日本語 & <picture> "quoted"\tcolumn Second line / Source B: source-b.mov, SRC TC 00:01:00;02, frame 60 / Alignment: Source timecode / Severity: Critical / Category: Sync / Status: Open / A rate: 30000/1001 / B rate: 30000/1001 / Source A URL: file:///private/tmp/aagedal-review-editor-acceptance-20260915/source-a.mov / Source B URL: file:///private/tmp/aagedal-review-editor-acceptance-20260915/source-b.mov	
16241	3	Blue	Fixture 6: æøå 日本語 & <picture> "quoted"\tcolumn Second line / Source B: source-b.mov, SRC TC 00:09:59;29, frame 16241 / Alignment: Source timecode / Severity: Minor / Category: General / Status: Resolved / A frames 16241–16243 (inclusive) / A rate: 30000/1001 / B rate: 30000/1001 / Source A URL: file:///private/tmp/aagedal-review-editor-acceptance-20260915/source-a.mov / Source B URL: file:///private/tmp/aagedal-review-editor-acceptance-20260915/source-b.mov	
16242	1	Blue	Fixture 7: æøå 日本語 & <picture> "quoted"\tcolumn Second line / Source B: source-b.mov, SRC TC 00:10:00;00, frame 16242 / Alignment: Source timecode / Severity: Major / Category: Picture / Status: Open / A rate: 30000/1001 / B rate: 30000/1001 / Source A URL: file:///private/tmp/aagedal-review-editor-acceptance-20260915/source-a.mov / Source B URL: file:///private/tmp/aagedal-review-editor-acceptance-20260915/source-b.mov	
18280	1	Blue	Fixture 8: æøå 日本語 & <picture> "quoted"\tcolumn Second line / Source B: source-b.mov, SRC TC 00:11:08;00, frame 18280 / Alignment: Source timecode / Severity: Critical / Category: Audio / Status: In Progress / A rate: 30000/1001 / B rate: 30000/1001 / Source A URL: file:///private/tmp/aagedal-review-editor-acceptance-20260915/source-a.mov / Source B URL: file:///private/tmp/aagedal-review-editor-acceptance-20260915/source-b.mov	
